{
  "project_info": {
    "project_number": "566142824037",
    "firebase_url": "https://medbox-capstone-default-rtdb.firebaseio.com",
    "project_id": "medbox-capstone",
    "storage_bucket": "medbox-capstone.appspot.com"
  },
  "client": [
    {
      "client_info": {
        "mobilesdk_app_id": "1:566142824037:android:14b6d12968673311fb608c",
        "android_client_info": {
          "package_name": "com.capstone.meduino"
        }
      },
      "oauth_client": [],
      "api_key": [
        {
          "current_key": "AIzaSyDaNfa4SblYiKsUORe_E9fDNNNurmoK5-g"
        }
      ],
      "services": {
        "appinvite_service": {
          "other_platform_oauth_client": []
        }
      }
    },
    {
      "client_info": {
        "mobilesdk_app_id": "1:566142824037:android:c7a7ecde6210951cfb608c",
        "android_client_info": {
          "package_name": "dll.capstone.medbox"
        }
      },
      "oauth_client": [],
      "api_key": [
        {
          "current_key": "AIzaSyDaNfa4SblYiKsUORe_E9fDNNNurmoK5-g"
        }
      ],
      "services": {
        "appinvite_service": {
          "other_platform_oauth_client": []
        }
      }
    }
  ],
  "configuration_version": "1"
}